<?xml version="1.0" encoding="utf-8"?>
<!DOCTYPE install SYSTEM "http://dev.joomla.org/xml/1.5/component-install.dtd">
<install type="component" version="1.5.0" method="upgrade">
	<name>ARS</name>
	<creationDate>2010-08-18</creationDate>
	<author>Nicholas K. Dionysopoulos</author>
	<authorEmail>nicholas@akeebabackup.com</authorEmail>
	<authorUrl>http://www.akeebabackup.com</authorUrl>
	<copyright>Copyright (c)2010 Nicholas K. Dionysopoulos</copyright>
	<license>GNU/GPL v3 or later</license>
	<version>svn16</version>
	<description>Akeeba Release System</description>

	<!-- Public front end files -->
	<files folder="frontend">
		<filename>ars.php</filename>
		<filename>index.html</filename>
		<filename>metadata.xml</filename>
		<filename>router.php</filename>
		<folder>controllers</folder>
		<folder>helpers</folder>
		<folder>models</folder>
		<folder>views</folder>
	</files>

	<!-- Front end translation files -->
	<languages folder="translation/frontend">
		<language tag="en-GB">en-GB.com_ars.ini</language>
	</languages>

	<!-- SQL query files to execute on installation -->
	<install>
		<sql>
			<file charset="utf8" driver="mysql">install.sql</file>
			<file charset="utf8" driver="mysqli">install.sql</file>
		</sql>
	</install>

	<!-- SQL query files to execute on uninstallation -->
	<uninstall>
		<sql>
			<file charset="utf8" driver="mysql">uninstall.sql</file>
			<file charset="utf8" driver="mysqli">uninstall.sql</file>
		</sql>
	</uninstall>
	
	<!-- Media files -->
	<media destination="com_ars" folder="media">
		<folder>css</folder>
		<folder>js</folder>
		<folder>theme</folder>
		<folder>icons</folder>
		<folder>plugins</folder>
	</media>

	<!-- Administrator back-end section -->
	<administration>
		<!-- Administration menu -->
		<menu view="cpanel"
			img="components/com_ars/assets/images/ars-16.png">Akeeba Release System</menu>

		<!-- Back-end files -->
		<files folder="backend">
			<filename>ars.php</filename>
			<filename>config.xml</filename>
			<filename>index.html</filename>
			<filename>install.sql</filename>
			<filename>uninstall.sql</filename>
			<folder>assets</folder>
			<folder>controllers</folder>
			<folder>helpers</folder>
			<folder>models</folder>
			<folder>tables</folder>
			<folder>views</folder>
		</files>

		<!-- Back-end translation files -->
		<languages folder="translation/backend">
			<language tag="en-GB">en-GB.com_ars.ini</language>
		</languages>
	</administration>
</install>
